ID,Fase,Fecha_Envío,Nombre_Medio,Email_Contacto,Responsable,Asunto_Email,Adjuntos_Incluidos,Estado_Envío,Fecha_Publicación,URL_Publicación,Notas,Engagement_Inicial,Seguimiento_Realizado
1,1,2026-09-14,Segre,cultura@segre.com,Andrés Sánchez Serrano,"Nota de Prensa: La Sombra del Pantocrátor",Nota+Portada+Retratos+Audio,PENDIENTE,,,"",0,
2,1,2026-09-14,La Mañana,cultura@lamanyana.cat,Andrés Sánchez Serrano,"Nota de Prensa: La Sombra del Pantocrátor",Nota+Portada+Retratos+Audio,PENDIENTE,,,"",0,
3,1,2026-09-14,Diari de Lleida,cultura@diariedelleida.cat,Andrés Sánchez Serrano,"Nota de Prensa: La Sombra del Pantocrátor",Nota+Portada+Retratos+Audio,PENDIENTE,,,"",0,
4,1,2026-09-15,Regió7,cultura@regio7.cat,Andrés Sánchez Serrano,"Nota de Prensa: La Sombra del Pantocrátor",Nota+Portada+Retratos+Audio,PENDIENTE,,,"",0,
5,1,2026-09-15,El Periódico de Aragón,cultura@elperiodicoaragon.com,Andrés Sánchez Serrano,"Nota de Prensa: La Sombra del Pantocrátor",Nota+Portada+Retratos+Audio,PENDIENTE,,,"",0,
6,1,2026-09-15,Ràdio Lleida,programacion@radiolleda.com,Andrés Sánchez Serrano,"Solicitud Entrevista: La Sombra del Pantocrátor",Nota+Audio,PENDIENTE,,,"",0,
7,1,2026-09-15,Onda Cero Lleida,redaccio@ondacero-lleida.com,Andrés Sánchez Serrano,"Solicitud Entrevista: La Sombra del Pantocrátor",Nota+Audio,PENDIENTE,,,"",0,
8,1,2026-09-16,iCat Ràdio,lectures@icat.es,Andrés Sánchez Serrano,"Solicitud Programa Lectures: La Sombra del Pantocrátor",Nota+Audio,PENDIENTE,,,"",0,
9,2,2026-09-17,CatalunyaPress,redaccio@catalunyapress.com,Andrés Sánchez Serrano,"Nota de Prensa: La Sombra del Pantocrátor (Sindicación)",Nota+Portada+Retratos+Audio,PENDIENTE,,,"AGENCIA SINDICACIÓN",0,
10,2,2026-09-18,ConeixLleida,info@coneixlleida.cat,Andrés Sánchez Serrano,"Noticia: La Sombra del Pantocrátor",Nota+Portada+Audio,PENDIENTE,,,"",0,
11,2,2026-09-18,Pirineus.net,redaccio@pirineus.net,Andrés Sánchez Serrano,"Feature: Pirineo en ficción - La Sombra del Pantocrátor",Nota+Portada+Retratos+Audio,PENDIENTE,,,"",0,
12,2,2026-09-19,ElPeriódico.cat,cultura@elperiodico.cat,Andrés Sánchez Serrano,"Reseña: La Sombra del Pantocrátor",Nota+Portada+Audio,PENDIENTE,,,"",0,
13,2,2026-09-19,Vilaweb,redaccio@vilaweb.cat,Andrés Sánchez Serrano,"Entrevista: Andrés Sánchez Serrano",Nota+Portada+Audio,PENDIENTE,,,"",0,
14,2,2026-09-20,LleRespondent,redaccio@llerespondent.cat,Andrés Sánchez Serrano,"Reportaje: Autor local Andrés Sánchez Serrano",Nota+Portada+Retratos,PENDIENTE,,,"",0,
15,2,2026-09-20,BallarinasXL,info@ballarinasxl.cat,Andrés Sánchez Serrano,"Reseña crítica: La Sombra del Pantocrátor",Nota+Portada+Audio,PENDIENTE,,,"",0,
16,3,2026-09-20,Turisme de Lleida,comunicacio@turismedelleida.com,Andrés Sánchez Serrano,"Noticia de Difusión: Novela ambientada en Vall de Boí",Nota+Portada+Retratos,PENDIENTE,,,"TURISMO LOCAL",0,
17,3,2026-09-21,Vall de Boí Turisme,turisme@valldeboi.cat,Andrés Sánchez Serrano,"Noticia: La Sombra del Pantocrátor",Nota+Portada,PENDIENTE,,,"MICROLOCALIZACIÓN",0,
18,3,2026-09-21,Guía Turismo Pirineo,redaccio@pirineotours.com,Andrés Sánchez Serrano,"Feature: Inspiración literaria Pirineo",Nota+Portada+Audio,PENDIENTE,,,"",0,
19,3,2026-09-22,National Geographic,viajes@ngspain.com,Andrés Sánchez Serrano,"Pitch Feature: Pirineo en ficción (con lead time)",Nota+Portada+Audio,PENDIENTE,,,"LEAD TIME LARGO",0,
20,3,2026-09-22,Viajeros.com,redaccio@viajeros.com,Andrés Sánchez Serrano,"Pitch Listicle: 10 Lugares Pirineo en ficción",Nota+Portada,PENDIENTE,,,"",0,
21,3,2026-09-23,Aventurapack,info@aventurapack.es,Andrés Sánchez Serrano,"Pitch Entrevista: Inspiración literaria trekking",Nota+Portada+Audio,PENDIENTE,,,"NICHO ESPECIALIZADO",0,
22,4,2026-09-23,Lectoque.com,contacto@lectoque.com,Andrés Sánchez Serrano,"Propuesta Reseña + Entrevista: La Sombra del Pantocrátor",Nota+Portada+Audio,PENDIENTE,,,"",0,
23,4,2026-09-24,Librentes.com,prensa@librentes.com,Andrés Sánchez Serrano,"Perfil Autor + Extracto: La Sombra del Pantocrátor",Nota+Portada+Audio,PENDIENTE,,,"COMUNIDAD LECTOR",0,
24,4,2026-09-24,El Ojo Crítico,contacto@elojocriti.com,Andrés Sánchez Serrano,"Propuesta Análisis: Thriller tecnológico La Sombra del Pantocrátor",Nota+Portada,PENDIENTE,,,"ANÁLISIS PROFUNDO",0,
25,4,2026-09-25,Ficción 2.0,info@ficcion2punto0.es,Andrés Sánchez Serrano,"Perfil Autor Independiente: La Sombra del Pantocrátor",Nota+Portada+Audio,PENDIENTE,,,"",0,
26,4,2026-09-25,Autoras Libres,contacto@autoraslibres.com,Andrés Sánchez Serrano,"Propuesta Entrevista Colaborativa: La Sombra del Pantocrátor",Nota+Portada+Audio,PENDIENTE,,,"COMUNIDAD LITERARIA",0,
27,EXTRA,2026-09-26,Suplemento Lleida Cultura,cultura@segre.com,Andrés Sánchez Serrano,"Feature Semanal: La Sombra del Pantocrátor - Reseña",Nota+Portada+Retratos+Audio+Bio,PENDIENTE,,,"SUPLEMENTO VIERNES",0,
28,EXTRA,2026-09-27,Suplemento Dominical Lleida en Viu,cultura@lamanyana.cat,Andrés Sánchez Serrano,"Feature Dominical: Novela y Pirineo",Nota+Portada+Retratos+Bio,PENDIENTE,,,"SUPLEMENTO DOMINGO",0,
29,EXTRA,2026-10-01,Revista Pallars Jussà,redaccio@pallars-jusssa.cat,Andrés Sánchez Serrano,"Reportaje: Patrimonio Pirineo en La Sombra del Pantocrátor",Nota+Portada+Retratos+Audio,PENDIENTE,,,"BIMESTRAL - DEADLINE FLEXIBLE",0,
30,EXTRA,2026-10-05,Revista Ecoturis,redaccio@ecoturis.cat,Andrés Sánchez Serrano,"Artículo: Inspiración naturaleza Pirineo",Nota+Portada+Retratos,PENDIENTE,,,"TRIMESTRAL - LEAD TIME LARGO",0,
